[
	{
		"anonymous": false,
		"inputs": [
			{
				"indexed": true,
				"internalType": "address",
				"name": "walletAddress",
				"type": "address"
			}
		],
		"name": "Blacklisted",
		"type": "event"
	},
	{
		"anonymous": false,
		"inputs": [
			{
				"indexed": true,
				"internalType": "uint256",
				"name": "employeeId",
				"type": "uint256"
			},
			{
				"indexed": false,
				"internalType": "string",
				"name": "name",
				"type": "string"
			},
			{
				"indexed": false,
				"internalType": "address",
				"name": "walletAddress",
				"type": "address"
			},
			{
				"indexed": false,
				"internalType": "bool",
				"name": "status",
				"type": "bool"
			}
		],
		"name": "EmployeeAdded",
		"type": "event"
	},
	{
		"anonymous": false,
		"inputs": [
			{
				"indexed": true,
				"internalType": "uint256",
				"name": "imageId",
				"type": "uint256"
			},
			{
				"indexed": false,
				"internalType": "string",
				"name": "uploaderName",
				"type": "string"
			},
			{
				"indexed": false,
				"internalType": "address",
				"name": "uploaderAddress",
				"type": "address"
			},
			{
				"indexed": false,
				"internalType": "string",
				"name": "ipfsHash",
				"type": "string"
			},
			{
				"indexed": false,
				"internalType": "string",
				"name": "fileName",
				"type": "string"
			}
		],
		"name": "ImageUploaded",
		"type": "event"
	},
	{
		"inputs": [
			{
				"internalType": "string",
				"name": "_name",
				"type": "string"
			},
			{
				"internalType": "address",
				"name": "_walletAddress",
				"type": "address"
			}
		],
		"name": "addEmployee",
		"outputs": [],
		"stateMutability": "nonpayable",
		"type": "function"
	},
	{
		"inputs": [
			{
				"internalType": "address",
				"name": "walletAddress",
				"type": "address"
			}
		],
		"name": "addToBlacklist",
		"outputs": [],
		"stateMutability": "nonpayable",
		"type": "function"
	},
	{
		"inputs": [],
		"name": "getAllEmployees",
		"outputs": [
			{
				"components": [
					{
						"internalType": "string",
						"name": "name",
						"type": "string"
					},
					{
						"internalType": "address",
						"name": "walletAddress",
						"type": "address"
					},
					{
						"internalType": "bool",
						"name": "status",
						"type": "bool"
					}
				],
				"internalType": "struct EmployeeManagement.Employee[]",
				"name": "",
				"type": "tuple[]"
			}
		],
		"stateMutability": "view",
		"type": "function"
	},
	{
		"inputs": [
			{
				"internalType": "uint256",
				"name": "employeeId",
				"type": "uint256"
			}
		],
		"name": "getEmployee",
		"outputs": [
			{
				"internalType": "uint256",
				"name": "",
				"type": "uint256"
			},
			{
				"internalType": "string",
				"name": "",
				"type": "string"
			},
			{
				"internalType": "address",
				"name": "",
				"type": "address"
			},
			{
				"internalType": "bool",
				"name": "",
				"type": "bool"
			}
		],
		"stateMutability": "view",
		"type": "function"
	},
	{
		"inputs": [
			{
				"internalType": "uint256",
				"name": "imageId",
				"type": "uint256"
			}
		],
		"name": "getImage",
		"outputs": [
			{
				"internalType": "string",
				"name": "",
				"type": "string"
			},
			{
				"internalType": "address",
				"name": "",
				"type": "address"
			},
			{
				"internalType": "string",
				"name": "",
				"type": "string"
			},
			{
				"internalType": "string",
				"name": "",
				"type": "string"
			}
		],
		"stateMutability": "view",
		"type": "function"
	},
	{
		"inputs": [],
		"name": "getWhitelistedImages",
		"outputs": [
			{
				"components": [
					{
						"internalType": "string",
						"name": "uploaderName",
						"type": "string"
					},
					{
						"internalType": "address",
						"name": "uploaderAddress",
						"type": "address"
					},
					{
						"internalType": "string",
						"name": "ipfsHash",
						"type": "string"
					},
					{
						"internalType": "string",
						"name": "fileName",
						"type": "string"
					}
				],
				"internalType": "struct EmployeeManagement.UploadedImage[]",
				"name": "",
				"type": "tuple[]"
			}
		],
		"stateMutability": "view",
		"type": "function"
	},
	{
		"inputs": [
			{
				"internalType": "address",
				"name": "walletAddress",
				"type": "address"
			}
		],
		"name": "removeFromBlacklist",
		"outputs": [],
		"stateMutability": "nonpayable",
		"type": "function"
	},
	{
		"inputs": [
			{
				"internalType": "string",
				"name": "_uploaderName",
				"type": "string"
			},
			{
				"internalType": "string",
				"name": "_ipfsHash",
				"type": "string"
			},
			{
				"internalType": "string",
				"name": "_fileName",
				"type": "string"
			}
		],
		"name": "uploadImage",
		"outputs": [],
		"stateMutability": "nonpayable",
		"type": "function"
	}
]