[
    {
        "key": 1,
        "fileName": "dummyfile1.docx",
        "fileSize": "750KB",
        "dateUploaded": "Jan 4,2001",
        "upLoadedBy": "img",
        "download": "Download",
        "address": "Luana siren + luanasiren@email.com",
        "status": true
    },
    {
        "key": 2,
        "fileName": "dummyfile2.docx",
        "fileSize": "750KB",
        "dateUploaded": "Jan 4,2001",
        "upLoadedBy": "img",
        "download": "Download",
        "address": "Luana siren + luanasiren@email.com",
        "status": true
    },
    {
        "key": 3,
        "fileName": "dummyfile3.docx",
        "fileSize": "750KB",
        "dateUploaded": "Jan 4,2001",
        "upLoadedBy": "img",
        "download": "Download",
        "address": "Luana siren + luanasiren@email.com",
        "status": false
    },
    {
        "key": 4,
        "fileName": "dummyfile4.docx",
        "fileSize": "750KB",
        "dateUploaded": "Jan 4,2001",
        "upLoadedBy": "img",
        "download": "Download",
        "address": "Luana siren + luanasiren@email.com",
        "status": false
    },
    {
        "key": 5,
        "fileName": "dummyfile5.docx",
        "fileSize": "750KB",
        "dateUploaded": "Jan 4,2001",
        "upLoadedBy": "img",
        "download": "Download",
        "address": "Luana siren + luanasiren@email.com",
        "status": true
    },
    {
        "key": 6,
        "fileName": "dummyfile6.docx",
        "fileSize": "750KB",
        "dateUploaded": "Jan 4,2001",
        "upLoadedBy": "img",
        "download": "Download",
        "address": "Luana siren + luanasiren@email.com",
        "status": true
    },
    {
        "key": 7,
        "fileName": "dummyfile7.docx",
        "fileSize": "750KB",
        "dateUploaded": "Jan 4,2001",
        "upLoadedBy": "img",
        "download": "Download",
        "address": "Luana siren + luanasiren@email.com",
        "status": true
    },
    {
        "key": 8,
        "fileName": "dummyfile8.docx",
        "fileSize": "750KB",
        "dateUploaded": "Jan 4,2001",
        "upLoadedBy": "img",
        "download": "Download",
        "address": "Luana siren + luanasiren@email.com",
        "status": false
    },
    {
        "key": 9,
        "fileName": "dummyfile9.docx",
        "fileSize": "750KB",
        "dateUploaded": "Jan 4,2001",
        "upLoadedBy": "img",
        "download": "Download",
        "address": "Luana siren + luanasiren@email.com",
        "status": true
    },
    {
        "key": 10,
        "fileName": "dummyfile10.docx",
        "fileSize": "750KB",
        "dateUploaded": "Jan 4,2001",
        "upLoadedBy": "img",
        "download": "Download",
        "address": "Luana siren + luanasiren@email.com",
        "status": true
    },
    {
        "key": 11,
        "fileName": "dummyfile11.docx",
        "fileSize": "750KB",
        "dateUploaded": "Jan 4,2001",
        "upLoadedBy": "img",
        "download": "Download",
        "address": "Luana siren + luanasiren@email.com",
        "status": false
    },
    {
        "key": 12,
        "fileName": "dummyfile12.docx",
        "fileSize": "750KB",
        "dateUploaded": "Jan 4,2001",
        "upLoadedBy": "img",
        "download": "Download",
        "address": "Luana siren + luanasiren@email.com",
        "status": true
    }
]